,MJD,m,dm,uJy,duJy,F,err,chi/N,RA,Dec,x,y,maj,min,phi,apfit,mag5sig,Sky,Obs
0,57745.479374,-22.106,2.941,-5,15,c,0,0.84,118.55442,21.79329,9293.32,6840.2,3.82,3.37,-79.1,-0.42,19.72,21.68,02a57745o0541c
1,57745.492213,-22.927,5.857,-2,14,c,0,0.88,118.55442,21.79329,1209.55,3571.19,4.09,3.82,63.7,-0.383,19.7,21.69,02a57745o0565c
2,57745.505485,-22.737,5.5,-3,16,c,0,0.98,118.55442,21.79329,1262.15,3645.03,4.13,3.95,64.1,-0.379,19.67,21.7,02a57745o0589c
3,57745.516512,-20.699,0.864,-19,16,c,0,1.01,118.55442,21.79329,1299.52,3531.46,4.77,4.1,3.4,-0.369,19.55,21.66,02a57745o0608c
4,57745.528232,22.418,3.455,4,14,c,0,1.42,118.55442,21.79329,1242.97,3589.37,4.11,3.85,68.9,-0.387,19.62,21.56,02a57745o0629c
5,57753.479848,-17.994,0.506,-230,117,c,0,1.02,118.55442,21.79329,8454.37,4358.71,3.83,3.45,85.6,-0.401,17.18,19.0,02a57753o0422c
6,57753.48883,-20.496,0.787,-23,18,c,0,0.95,118.55442,21.79329,8434.97,4320.2,3.82,3.46,86.0,-0.404,19.49,21.44,02a57753o0438c
7,57753.497155,16.918,0.721,621,448,c,0,0.94,118.55442,21.79329,8507.83,4402.68,3.86,3.46,86.8,-0.403,16.4,18.19,02a57753o0453c
8,57753.509123,-19.034,0.709,-88,63,c,0,1.08,118.55442,21.79329,8524.4,4284.72,3.82,3.42,85.4,-0.406,18.2,20.04,02a57753o0475c
9,57753.520397,-20.152,1.25,-32,40,c,0,0.89,118.55442,21.79329,8472.01,4345.78,3.83,3.44,84.3,-0.408,18.69,20.53,02a57753o0494c
10,57757.465392,-21.362,1.419,-10,15,c,0,0.86,118.55442,21.79329,1243.48,4383.44,3.98,3.66,65.3,-0.4,19.69,21.58,02a57757o0497c
11,57757.473762,-22.617,4.0,-3,13,c,0,1.14,118.55442,21.79329,1224.16,4343.38,3.93,3.65,64.6,-0.404,19.67,21.54,02a57757o0512c
12,57757.482771,-20.848,0.922,-17,15,c,0,1.05,118.55442,21.79329,1280.28,4425.81,3.94,3.64,63.3,-0.405,19.66,21.52,02a57757o0529c
13,57757.505909,-20.316,0.55,-27,15,c,0,1.06,118.55442,21.79329,1301.12,4310.09,3.97,3.78,53.9,-0.393,19.61,21.47,02a57757o0570c
14,57757.516907,20.117,0.473,33,15,c,0,1.14,118.55442,21.79329,1263.02,4363.13,4.12,3.89,17.2,-0.382,19.58,21.5,02a57757o0588c
15,57758.336138,19.737,0.528,46,24,c,0,0.96,118.55442,21.79329,10461.46,6755.23,4.15,3.48,84.0,-0.432,19.21,20.72,02a57758o0275c
16,57758.339484,-20.824,1.271,-17,22,c,0,1.13,118.55442,21.79329,1429.38,6161.33,3.96,3.82,67.5,-0.402,19.14,20.67,02a57758o0281c
17,57758.356029,20.918,1.381,16,22,c,0,0.88,118.55442,21.79329,10175.12,5887.74,4.13,3.59,82.3,-0.431,19.24,20.81,02a57758o0310c
18,57758.359953,-20.7,1.056,-19,20,c,0,1.16,118.55442,21.79329,1735.43,7040.87,3.96,3.85,59.6,-0.403,19.2,20.79,02a57758o0316c
19,57758.370053,21.169,1.6,12,20,c,0,1.06,118.55442,21.79329,565.37,5858.06,4.02,3.84,66.9,-0.388,19.25,20.83,02a57758o0332c
20,57758.377833,21.917,2.895,6,18,c,0,1.33,118.55442,21.79329,2033.5,5590.86,3.79,3.66,70.5,-0.414,19.31,20.88,02a57758o0345c
21,57758.378329,-20.435,0.731,-24,18,c,0,1.28,118.55442,21.79329,9864.08,7349.11,3.9,3.27,-88.2,-0.424,19.35,20.91,02a57758o0346c
22,57758.387866,21.024,1.25,14,18,c,0,1.14,118.55442,21.79329,246.72,7310.81,3.87,3.64,50.5,-0.401,19.36,20.96,02a57758o0365c
23,57758.400316,-23.915,16.667,-1,16,c,0,1.1,118.55442,21.79329,1141.89,6450.6,3.76,3.6,57.7,-0.439,19.43,21.08,02a57758o0390c
24,57758.404158,-24.365,24.0,-1,16,c,0,1.33,118.55442,21.79329,1144.79,6453.86,3.8,3.62,58.0,-0.429,19.47,21.15,02a57758o0397c
25,57759.627785,19.784,0.496,44,22,o,0,0.91,118.55442,21.79329,9345.74,3988.66,3.81,3.21,89.8,-0.44,19.24,20.77,02a57759o0015o
26,57759.644713,-21.152,1.912,-13,24,o,0,1.07,118.55442,21.79329,9343.31,3987.41,3.91,3.3,86.0,-0.446,19.11,20.61,02a57759o0045o
27,57761.429761,-21.295,2.871,-11,32,o,0,0.82,118.55442,21.79329,1112.09,4806.27,3.79,3.45,66.4,-0.453,18.92,20.04,02a57761o0413o
28,57761.443337,19.512,0.462,57,26,o,0,1.25,118.55442,21.79329,1126.9,4848.29,3.8,3.48,66.0,-0.452,18.92,20.05,02a57761o0435o
29,57761.457818,20.493,1.187,23,27,o,0,0.94,118.55442,21.79329,9440.87,5671.38,3.59,3.07,-86.1,-0.47,18.96,20.11,02a57761o0460o
30,57761.471838,20.365,1.123,26,29,o,0,1.13,118.55442,21.79329,1055.25,4889.08,3.79,3.42,64.2,-0.461,18.96,20.13,02a57761o0480o
31,57761.483871,19.78,0.583,44,26,o,0,0.91,118.55442,21.79329,9419.15,5617.81,3.63,3.09,-85.6,-0.463,18.98,20.16,02a57761o0500o
32,57769.434689,-19.718,0.64,-47,30,o,0,1.16,118.55442,21.79329,1445.84,3857.51,4.24,3.91,-1.1,-0.4,18.75,20.02,02a57769o0416o
33,57769.47552,-20.088,1.027,-34,34,o,0,0.98,118.55442,21.79329,1424.33,3821.5,4.4,4.02,-8.1,-0.382,18.67,19.95,02a57769o0434o
34,57769.48531,-21.584,4.105,-8,35,o,0,0.91,118.55442,21.79329,1479.42,3896.5,4.45,3.89,-7.2,-0.403,18.68,19.94,02a57769o0451o
35,57769.510014,20.09,0.831,33,28,o,0,1.24,118.55442,21.79329,1501.6,3779.2,4.14,3.76,5.7,-0.406,18.75,19.94,02a57769o0493o
36,57769.519941,-19.932,0.718,-39,28,o,0,1.15,118.55442,21.79329,1466.36,3839.74,3.71,3.56,70.6,-0.436,18.84,19.94,02a57769o0511o
37,57777.433949,-21.146,0.925,-13,12,c,0,1.3,118.55442,21.79329,8067.58,2921.26,3.86,3.6,79.3,-0.387,19.67,21.64,02a57777o0455c
38,57777.446983,21.048,1.091,14,15,c,0,0.85,118.55442,21.79329,8049.66,2881.26,3.84,3.56,81.4,-0.399,19.68,21.65,02a57777o0478c
39,57777.461867,-22.37,3.385,-4,14,c,0,1.03,118.55442,21.79329,8121.05,2963.22,3.81,3.58,81.4,-0.399,19.67,21.64,02a57777o0504c
40,57777.483282,-20.999,1.022,-14,15,c,0,0.94,118.55442,21.79329,8140.76,2848.22,3.83,3.63,78.5,-0.402,19.65,21.63,02a57777o0542c
41,57777.495577,22.144,3.062,5,15,c,0,0.86,118.55442,21.79329,8088.01,2903.8,3.79,3.56,84.6,-0.402,19.65,21.59,02a57777o0564c
42,57781.432638,23.053,6.571,2,14,c,0,1.0,118.55442,21.79329,8428.19,3195.82,3.86,3.54,88.7,-0.389,19.75,21.75,02a57781o0386c
43,57781.442406,20.787,0.907,18,16,c,0,0.83,118.55442,21.79329,8411.43,3159.04,3.93,3.63,89.3,-0.386,19.72,21.74,02a57781o0403c
44,57781.462515,20.611,0.731,21,15,c,0,1.12,118.55442,21.79329,8465.63,3239.09,3.83,3.49,-90.0,-0.398,19.74,21.7,02a57781o0439c
45,57781.473296,-21.506,1.655,-9,15,c,0,1.01,118.55442,21.79329,8484.88,3121.4,3.85,3.53,87.4,-0.396,19.72,21.69,02a57781o0459c
46,57781.483838,-21.585,1.741,-8,15,c,0,1.18,118.55442,21.79329,8449.44,3181.47,3.82,3.53,87.0,-0.399,19.71,21.66,02a57781o0478c
47,57789.370229,-20.371,1.071,-26,28,o,0,1.19,118.55442,21.79329,9612.19,8132.58,4.44,4.23,80.1,-0.37,18.78,20.25,02a57789o0299o
48,57789.377095,-20.393,0.918,-25,23,o,0,1.0,118.55442,21.79329,862.07,2279.04,3.77,3.51,84.2,-0.434,19.02,20.24,02a57789o0312o
49,57789.384929,20.112,1.086,33,36,o,0,1.19,118.55442,21.79329,10498.25,2332.16,3.76,3.0,85.8,-0.471,19.02,20.24,02a57789o0327o
50,57789.386079,22.65,7.889,3,25,o,0,1.14,118.55442,21.79329,921.25,2365.52,3.81,3.54,80.0,-0.426,19.01,20.22,02a57789o0329o
51,57789.409511,-21.464,2.63,-9,25,o,0,1.12,118.55442,21.79329,936.81,2244.49,3.78,3.55,82.7,-0.425,19.01,20.23,02a57789o0371o
52,57789.419643,19.546,0.494,55,27,o,0,0.89,118.55442,21.79329,898.69,2300.98,3.76,3.5,82.6,-0.432,19.01,20.21,02a57789o0389o
53,57797.378167,19.807,0.714,43,31,o,0,1.11,118.55442,21.79329,1409.7,4421.53,3.68,3.39,63.1,-0.473,18.78,19.74,02a57797o0200o
54,57797.390303,-19.076,0.686,-85,58,o,0,0.92,118.55442,21.79329,1917.39,6579.44,4.22,4.02,-81.5,-0.579,18.54,19.88,01a57797o0342o
55,57797.393736,19.733,0.657,46,30,o,0,1.19,118.55442,21.79329,1392.37,4382.43,3.58,3.34,65.3,-0.492,18.79,19.75,02a57797o0227o
56,57797.403022,-19.036,0.679,-88,60,o,0,0.91,118.55442,21.79329,1937.62,6618.43,4.18,3.99,-75.2,-0.587,18.55,19.88,01a57797o0365o
57,57797.406917,20.072,0.939,34,32,o,0,1.24,118.55442,21.79329,1447.1,4461.81,3.62,3.36,65.2,-0.485,18.77,19.73,02a57797o0250o
58,57797.417802,-18.808,0.485,-109,53,o,0,1.0,118.55442,21.79329,1882.14,6539.53,4.21,4.01,-79.4,-0.578,18.5,19.81,01a57797o0391o
59,57797.41794,-21.704,4.286,-8,32,o,0,1.15,118.55442,21.79329,1465.77,4343.26,3.74,3.49,63.2,-0.462,18.73,19.7,02a57797o0270o
60,57797.439093,-20.277,2.294,-28,65,o,0,0.98,118.55442,21.79329,1865.78,6656.28,4.14,3.97,-82.2,-0.59,18.54,19.78,01a57797o0428o
61,57797.440084,-19.708,0.623,-48,30,o,0,1.38,118.55442,21.79329,1432.1,4402.41,3.62,3.39,64.6,-0.483,18.71,19.63,02a57797o0309o
62,57797.452139,-19.689,1.298,-48,63,o,0,1.32,118.55442,21.79329,1900.8,6598.77,4.18,4.0,-81.6,-0.606,18.5,19.75,01a57797o0450o
63,57799.388398,-20.344,1.581,-26,42,o,0,1.09,118.55442,21.79329,2200.52,7117.16,4.19,4.0,-74.4,-0.582,18.87,20.61,01a57799o0303o
64,57799.400562,21.178,3.467,12,42,o,0,1.0,118.55442,21.79329,2220.66,7156.21,4.01,3.87,-69.2,-0.6,18.88,20.58,01a57799o0325o
65,57799.413671,-20.009,1.143,-36,41,o,0,1.07,118.55442,21.79329,2167.03,7079.63,4.1,4.03,-65.1,-0.592,18.83,20.54,01a57799o0348o
66,57799.419663,-19.393,0.641,-64,41,o,0,0.97,118.55442,21.79329,2148.72,7195.03,4.01,3.87,-71.6,-0.6,18.89,20.55,01a57799o0358o
67,57801.360982,-18.178,0.248,-194,48,o,0,0.87,118.55442,21.79329,9392.32,7652.19,3.93,3.25,85.2,-0.658,18.87,20.75,01a57801o0235o
68,57801.373466,-20.36,1.636,-26,43,o,0,1.12,118.55442,21.79329,9412.09,7690.35,3.89,3.24,82.3,-0.658,18.87,20.76,01a57801o0258o
69,57801.385103,-18.431,0.314,-154,48,o,0,1.02,118.55442,21.79329,9339.65,7614.71,3.98,3.31,80.5,-0.662,18.86,20.74,01a57801o0279o
70,57801.387431,-22.545,5.4,-4,19,o,0,1.1,118.55442,21.79329,1107.85,5045.22,3.76,3.45,74.7,-0.448,19.4,21.05,02a57801o0316o
71,57801.395261,23.54,14.5,1,20,o,0,0.96,118.55442,21.79329,1090.28,5008.8,3.76,3.47,68.6,-0.448,19.4,21.03,02a57801o0330o
72,57801.397037,21.863,7.0,6,46,o,0,1.05,118.55442,21.79329,9324.14,7731.77,3.9,3.22,82.2,-0.665,18.85,20.65,01a57801o0299o
73,57801.406199,-23.09,11.167,-2,24,o,0,0.76,118.55442,21.79329,1163.97,5083.36,3.76,3.5,71.5,-0.445,19.3,20.86,02a57801o0348o
74,57801.417962,20.66,1.0,20,20,o,0,1.15,118.55442,21.79329,1183.8,4969.08,3.7,3.44,74.1,-0.446,19.24,20.71,02a57801o0369o
75,57801.439323,-19.697,0.461,-48,22,o,0,1.09,118.55442,21.79329,1150.11,5025.59,3.68,3.42,72.5,-0.453,19.17,20.58,02a57801o0406o
76,57803.354132,-19.39,0.647,-64,41,o,0,0.99,118.55442,21.79329,10375.7,5118.79,4.25,3.26,79.4,-0.65,18.87,20.83,01a57803o0127o
77,57803.363506,-19.469,0.569,-59,34,o,0,0.83,118.55442,21.79329,768.92,5256.41,4.48,4.22,-87.4,-0.5,18.87,20.85,01a57803o0144o
78,57803.366264,-19.156,0.44,-79,35,o,0,1.7,118.55442,21.79329,10394.4,5156.69,4.72,3.61,81.0,-0.619,18.83,20.88,01a57803o0148o
79,57803.375732,-19.467,0.523,-59,31,o,0,1.03,118.55442,21.79329,786.82,5296.23,4.56,4.25,-85.2,-0.499,18.9,20.92,01a57803o0164o
80,57803.387502,-19.133,0.414,-81,33,o,0,0.78,118.55442,21.79329,733.94,5219.61,4.54,4.19,88.4,-0.504,18.91,20.88,01a57803o0183o
81,57803.390175,-20.717,2.037,-19,38,o,0,1.1,118.55442,21.79329,10323.2,5198.71,3.94,3.19,73.7,-0.631,18.91,20.85,01a57803o0188o
82,57803.399955,-20.757,1.9,-18,34,o,0,0.76,118.55442,21.79329,716.64,5335.5,4.45,4.15,-86.3,-0.512,18.9,20.86,01a57803o0203o
83,57805.354295,-19.349,0.526,-66,35,o,0,0.95,118.55442,21.79329,2580.7,5839.0,4.16,3.97,-76.0,-0.585,18.81,20.64,01a57805o0260o
84,57805.36802,22.007,5.857,6,34,o,0,0.8,118.55442,21.79329,2600.9,5878.33,4.03,3.88,-76.3,-0.584,18.82,20.58,01a57805o0283o
85,57805.377701,21.539,1.692,9,15,c,0,0.99,118.55442,21.79329,8681.85,5531.6,4.07,3.68,86.2,-0.396,19.6,21.58,02a57805o0304c
86,57805.37967,-19.217,0.432,-75,32,o,0,1.17,118.55442,21.79329,2530.97,5801.9,4.17,4.01,-88.7,-0.582,18.79,20.61,01a57805o0302o
87,57805.39081,-21.317,1.424,-11,15,c,0,0.96,118.55442,21.79329,8664.37,5491.02,3.99,3.6,88.8,-0.399,19.63,21.59,02a57805o0327c
88,57805.392121,-22.923,16.0,-2,39,o,0,0.73,118.55442,21.79329,2513.45,5917.36,4.05,3.9,-75.0,-0.577,18.81,20.59,01a57805o0324o
89,57805.415619,-22.564,4.2,-3,14,c,0,1.23,118.55442,21.79329,8739.72,5569.67,4.05,3.68,87.1,-0.401,19.61,21.59,02a57805o0370c
90,57805.426518,20.934,0.976,15,15,c,0,1.14,118.55442,21.79329,8759.57,5456.53,4.17,3.83,86.5,-0.391,19.57,21.59,02a57805o0390c
91,57805.439716,-23.336,9.6,-2,16,c,0,1.01,118.55442,21.79329,8723.38,5511.84,4.0,3.64,84.8,-0.402,19.59,21.55,02a57805o0411c
92,57807.339869,-20.39,1.297,-25,33,o,0,1.26,118.55442,21.79329,10097.57,6097.77,4.02,3.14,85.7,-0.642,18.87,20.77,01a57807o0176o
93,57807.349281,21.685,3.889,8,30,o,0,0.97,118.55442,21.79329,488.94,6224.51,4.51,4.21,-89.9,-0.467,18.88,20.8,01a57807o0193o
94,57807.361686,-19.336,0.5,-67,34,o,0,0.9,118.55442,21.79329,508.99,6263.87,4.53,4.2,-88.3,-0.473,18.88,20.82,01a57807o0214o
95,57807.364792,-19.049,0.449,-87,39,o,0,1.12,118.55442,21.79329,10063.37,6059.57,4.51,3.57,88.6,-0.593,18.82,20.84,01a57807o0220o
96,57807.374251,-19.661,0.614,-50,30,o,0,0.92,118.55442,21.79329,455.27,6186.59,4.56,4.29,85.8,-0.506,18.9,20.84,01a57807o0236o
97,57807.376896,-20.481,1.545,-23,36,o,0,1.44,118.55442,21.79329,10048.3,6177.14,4.09,3.25,-89.8,-0.65,18.87,20.82,01a57807o0241o
98,57807.386492,-19.128,0.443,-81,36,o,0,0.8,118.55442,21.79329,438.99,6302.68,4.7,4.42,-82.7,-0.478,18.86,20.87,01a57807o0257o
99,57809.341039,-18.486,0.606,-146,89,o,0,0.84,118.55442,21.79329,3113.55,4923.27,4.18,4.04,-77.8,-0.559,17.85,19.74,01a57809o0235o
100,57809.356346,-17.959,0.206,-238,49,o,0,1.08,118.55442,21.79329,3151.06,4962.68,4.04,3.94,-74.8,-0.568,17.96,19.83,01a57809o0260o
101,57809.375618,-20.084,2.154,-34,72,c,0,1.14,118.55442,21.79329,8951.51,3246.21,3.87,3.51,84.9,-0.412,17.99,19.77,02a57809o0296c
102,57809.380727,-18.887,0.407,-101,41,o,0,0.68,118.55442,21.79329,3062.24,5001.74,4.08,3.92,-78.0,-0.573,18.74,20.61,01a57809o0300o
103,57809.393253,-18.791,1.143,-111,126,c,0,1.15,118.55442,21.79329,8934.67,3207.4,3.85,3.48,84.6,-0.413,17.39,19.18,02a57809o0327c
104,57809.40666,19.521,1.385,56,78,c,0,0.95,118.55442,21.79329,8989.79,3288.2,3.84,3.46,84.0,-0.414,18.22,20.03,02a57809o0351c
105,57809.417828,22.057,4.222,6,23,c,0,1.36,118.55442,21.79329,9028.95,3169.94,3.94,3.83,56.2,-0.383,18.91,20.88,02a57809o0369c
106,57809.442509,-23.874,15.667,-1,16,c,0,0.82,118.55442,21.79329,8976.58,3225.97,3.89,3.73,67.6,-0.397,19.65,21.65,02a57809o0411c
107,57817.269958,19.37,0.396,65,26,c,0,1.07,118.55442,21.79329,958.05,7666.24,4.29,3.89,38.5,-0.438,18.99,20.63,02a57817o0020c
108,57817.279567,16.221,0.367,1180,433,c,0,0.45,118.55442,21.79329,10529.23,7619.55,4.4,3.85,86.2,-0.416,19.01,20.59,02a57817o0038c
109,57817.288136,-20.841,1.475,-17,25,c,0,1.17,118.55442,21.79329,904.53,7592.61,4.13,3.76,46.6,-0.431,19.06,20.66,02a57817o0055c
110,57817.290606,19.602,0.839,52,44,c,0,0.68,118.55442,21.79329,10511.4,7738.6,4.3,3.64,86.0,-0.442,19.04,20.61,02a57817o0060c
111,57817.296478,22.387,5.5,4,22,c,0,1.11,118.55442,21.79329,888.24,7709.02,4.03,3.71,45.5,-0.436,19.08,20.67,02a57817o0072c
112,57817.313052,20.701,2.19,19,42,o,0,0.99,118.55442,21.79329,1026.89,5637.07,4.79,4.12,80.7,-0.484,18.78,20.47,01a57817o0176o
113,57817.31956,21.656,3.1,8,24,c,0,0.85,118.55442,21.79329,921.38,7655.35,3.97,3.74,44.5,-0.428,19.1,20.68,02a57817o0116c
114,57817.32783,-19.533,0.724,-56,40,o,0,1.23,118.55442,21.79329,1046.91,5677.15,4.95,4.27,84.4,-0.47,18.76,20.5,01a57817o0202o
115,57817.343082,19.784,0.953,44,42,o,0,1.07,118.55442,21.79329,992.4,5600.39,5.02,4.45,67.2,-0.466,18.74,20.51,01a57817o0229o
116,57817.355691,19.59,0.86,53,46,o,0,0.85,118.55442,21.79329,976.84,5717.69,4.74,4.18,81.0,-0.429,18.8,20.55,01a57817o0251o
117,57819.268522,19.792,1.934,44,85,o,0,0.85,118.55442,21.79329,1386.77,5015.04,4.2,3.66,-87.0,-0.533,18.0,18.91,01a57819o0131o
118,57819.271315,-20.014,2.5,-36,90,o,0,1.17,118.55442,21.79329,1366.23,4976.47,4.33,3.65,-86.9,-0.53,17.88,18.6,01a57819o0136o
119,57819.292885,-18.393,0.645,-160,103,o,0,1.19,118.55442,21.79329,1434.48,5047.7,4.4,4.0,-88.9,-0.51,17.78,18.49,01a57819o0175o
120,57819.306608,21.236,8.857,12,103,o,0,0.97,118.55442,21.79329,1447.75,4929.61,4.57,4.02,-87.4,-0.489,17.73,18.44,01a57819o0201o
121,57823.328381,19.595,1.333,53,70,o,0,0.99,118.55442,21.79329,9273.04,6815.41,3.81,3.5,57.0,-0.445,18.11,19.08,01a57823o0011o
122,57826.401135,21.922,6.545,6,40,o,0,1.08,118.55442,21.79329,10252.87,5866.41,3.48,3.35,-65.7,-0.477,18.33,19.56,01a57826o0266o
123,57826.407677,-20.037,1.902,-35,67,o,0,0.8,118.55442,21.79329,1520.11,6281.23,4.4,4.04,80.8,-0.503,18.38,19.59,01a57826o0278o
124,57826.414928,18.758,0.312,114,36,o,0,1.16,118.55442,21.79329,305.25,4549.86,3.75,3.6,-87.0,-0.397,17.96,18.69,02a57826o0364o
125,57826.418968,-19.1,0.878,-83,73,o,0,0.97,118.55442,21.79329,946.48,6862.57,4.84,4.36,60.8,-0.452,18.28,19.51,01a57826o0299o
126,57826.421703,24.113,45.5,1,37,o,0,1.17,118.55442,21.79329,9046.16,4282.9,3.8,3.59,69.7,-0.442,17.95,18.72,02a57826o0376o
127,57826.433197,18.648,0.514,126,65,o,0,1.05,118.55442,21.79329,1837.51,7151.84,4.35,4.21,59.4,-0.497,18.25,19.42,01a57826o0326o
128,57826.434632,18.562,0.296,136,40,o,0,1.42,118.55442,21.79329,9630.14,3711.36,3.81,3.45,74.6,-0.473,17.92,18.65,02a57826o0399o
129,57826.445845,-18.373,0.433,-162,70,o,0,1.1,118.55442,21.79329,646.35,5984.57,4.86,4.17,51.8,-0.313,18.21,19.36,01a57826o0350o
130,57826.449211,18.643,0.332,127,42,o,0,1.06,118.55442,21.79329,8742.89,3406.31,3.63,3.13,85.7,-0.465,17.92,18.54,02a57826o0426o
131,57826.462639,19.548,0.908,55,50,o,0,1.04,118.55442,21.79329,9912.37,4592.27,3.79,2.99,86.3,-0.487,17.87,18.45,02a57826o0451o
132,57827.269685,18.983,0.272,93,25,o,0,1.08,118.55442,21.79329,8722.75,3870.56,3.7,3.46,36.1,-0.449,19.08,20.91,01a57827o0103o
133,57827.286864,19.366,0.517,65,34,o,0,0.69,118.55442,21.79329,1893.52,6724.03,3.64,3.26,88.7,-0.491,18.81,20.4,01a57827o0136o
134,57827.292812,19.004,0.319,91,29,o,0,1.22,118.55442,21.79329,8753.16,3899.22,3.53,3.45,29.3,-0.461,18.79,20.33,01a57827o0147o
135,57827.313691,18.847,0.337,105,35,o,0,1.12,118.55442,21.79329,1824.13,6765.29,3.82,3.45,78.6,-0.494,18.72,20.2,01a57827o0183o
136,57827.442889,18.791,0.294,111,32,o,0,1.4,118.55442,21.79329,305.15,4549.61,3.76,3.35,79.0,-0.421,18.03,18.77,02a57827o0396o
137,57827.44687,18.721,0.353,118,42,o,0,0.68,118.55442,21.79329,9046.25,4281.9,3.66,3.12,88.7,-0.457,18.06,18.84,02a57827o0404o
138,57827.454727,18.872,0.4,103,41,o,0,1.1,118.55442,21.79329,9629.77,3709.83,3.71,3.1,85.3,-0.462,18.05,18.8,02a57827o0419o
139,57827.465207,18.915,0.365,99,36,o,0,1.12,118.55442,21.79329,8742.34,3405.37,3.63,3.21,86.8,-0.454,17.98,18.7,02a57827o0439o
140,57827.475908,18.669,0.323,124,40,o,0,1.29,118.55442,21.79329,9911.64,4592.31,3.76,3.04,87.6,-0.462,17.93,18.61,02a57827o0459o
141,57829.277366,18.608,0.209,131,27,o,0,1.03,118.55442,21.79329,1263.47,7170.38,3.51,3.21,80.1,-0.5,19.09,20.93,01a57829o0111o
142,57829.292182,19.282,0.322,70,23,o,0,1.44,118.55442,21.79329,1282.96,7210.23,3.73,3.3,80.2,-0.492,19.09,20.96,01a57829o0138o
143,57829.30698,18.882,0.291,102,30,o,0,0.86,118.55442,21.79329,1228.86,7133.79,3.79,3.45,75.6,-0.49,19.08,20.94,01a57829o0165o
144,57829.321615,18.641,0.214,127,27,o,0,1.1,118.55442,21.79329,1212.28,7250.34,3.76,3.46,82.9,-0.49,19.11,21.0,01a57829o0192o
145,57829.334325,18.786,0.181,111,20,o,0,1.17,118.55442,21.79329,9555.51,2597.53,3.82,3.38,82.7,-0.462,18.63,20.11,02a57829o0217o
146,57829.339667,18.622,0.159,129,20,o,0,1.04,118.55442,21.79329,9538.61,2557.82,3.76,3.3,83.2,-0.464,18.65,20.06,02a57829o0227o
147,57829.352272,19.276,0.354,71,25,o,0,0.95,118.55442,21.79329,9594.84,2639.69,3.75,3.27,83.4,-0.468,18.55,19.82,02a57829o0250o
148,57829.373374,18.608,0.199,131,26,o,0,1.3,118.55442,21.79329,9618.7,2523.29,3.88,3.45,78.7,-0.46,18.36,19.5,02a57829o0288o
149,57829.386474,18.351,0.181,166,30,o,0,0.88,118.55442,21.79329,9584.21,2576.99,3.77,3.37,77.5,-0.463,18.34,19.42,02a57829o0310o
150,57831.258221,18.71,0.237,119,28,o,0,1.04,118.55442,21.79329,9332.15,7220.59,4.0,3.37,66.1,-0.448,19.06,20.74,01a57831o0075o
151,57831.272407,18.605,0.208,131,27,o,0,1.11,118.55442,21.79329,9352.76,7258.33,3.96,3.43,61.6,-0.45,19.06,20.77,01a57831o0102o
152,57831.287175,18.729,0.205,117,24,o,0,1.38,118.55442,21.79329,9280.95,7182.43,3.85,3.42,65.8,-0.453,19.08,20.83,01a57831o0129o
153,57831.301786,18.7,0.231,120,28,o,0,0.9,118.55442,21.79329,9265.16,7299.26,3.93,3.46,63.5,-0.45,19.06,20.84,01a57831o0156o
154,57833.340246,18.475,0.123,148,18,c,0,0.98,118.55442,21.79329,9085.9,2341.2,3.87,3.84,-24.9,-0.402,18.95,20.78,02a57833o0218c
155,57833.347272,18.377,0.107,162,17,c,0,1.1,118.55442,21.79329,9068.01,2303.33,3.8,3.45,-89.6,-0.422,19.0,20.77,02a57833o0231c
156,57833.356308,18.448,0.121,152,18,c,0,0.9,118.55442,21.79329,9122.92,2378.54,3.95,3.83,4.9,-0.395,18.93,20.76,02a57833o0248c
157,57833.379363,18.419,0.119,156,18,c,0,1.23,118.55442,21.79329,9144.8,2262.41,3.84,3.7,-89.4,-0.405,18.93,20.7,02a57833o0289c
158,57833.38956,18.412,0.126,157,20,c,0,1.19,118.55442,21.79329,9109.79,2323.38,4.31,3.92,3.0,-0.371,18.84,20.7,02a57833o0307c
159,57835.263156,18.595,0.243,132,32,o,0,0.99,118.55442,21.79329,403.42,3376.55,4.14,3.25,-82.9,-0.552,18.91,20.67,01a57835o0002o
160,57835.27952,18.493,0.224,146,33,o,0,0.94,118.55442,21.79329,10132.07,7046.84,4.45,3.89,57.5,-0.405,18.89,20.66,01a57835o0031o
161,57835.281739,18.385,0.173,161,28,o,0,1.09,118.55442,21.79329,571.35,7254.32,3.83,3.38,89.1,-0.481,18.93,20.7,01a57835o0035o
162,57835.291679,18.15,0.148,200,30,o,0,1.05,118.55442,21.79329,10116.69,7162.72,4.26,3.61,70.0,-0.425,18.98,20.74,01a57835o0053o
163,57835.293961,18.275,0.156,178,28,o,0,1.23,118.55442,21.79329,519.41,7176.31,3.89,3.43,75.3,-0.478,18.99,20.75,01a57835o0057o
164,57835.306654,18.155,0.14,199,28,o,0,1.04,118.55442,21.79329,502.32,7292.3,3.71,3.27,85.9,-0.489,19.05,20.82,01a57835o0080o
165,57836.253133,17.958,0.104,238,25,o,0,1.37,118.55442,21.79329,2197.89,6607.6,3.46,3.11,81.1,-0.515,18.99,20.84,01a57836o0056o
166,57837.323551,17.878,0.075,256,19,c,0,1.05,118.55442,21.79329,8335.69,3414.99,3.92,3.72,82.0,-0.383,18.85,20.59,02a57837o0115c
167,57837.337388,18.165,0.102,197,20,c,0,0.92,118.55442,21.79329,8318.08,3375.12,3.93,3.67,81.5,-0.384,18.86,20.58,02a57837o0141c
168,57837.357985,18.15,0.095,200,19,c,0,1.07,118.55442,21.79329,8375.1,3452.47,3.95,3.7,82.3,-0.384,18.82,20.53,02a57837o0179c
169,57837.369259,17.95,0.086,240,21,c,0,0.97,118.55442,21.79329,8392.18,3339.1,4.1,3.9,82.5,-0.374,18.78,20.54,02a57837o0199c
170,57837.381634,17.837,0.077,266,20,c,0,0.96,118.55442,21.79329,8356.65,3394.6,3.98,3.76,79.9,-0.383,18.8,20.53,02a57837o0221c
171,57839.227287,17.659,0.116,314,36,o,0,1.28,118.55442,21.79329,518.61,5514.49,3.67,3.03,-86.1,-0.547,18.65,19.99,01a57839o0014o
172,57839.232507,17.985,0.141,232,33,o,0,0.97,118.55442,21.79329,498.36,5474.15,3.74,3.1,-87.6,-0.539,18.94,20.57,01a57839o0024o
173,57840.233715,17.863,0.112,260,29,o,0,1.03,118.55442,21.79329,8731.7,2973.0,4.19,3.6,34.9,-0.424,19.01,20.68,01a57840o0026o
174,57840.253015,17.938,0.106,242,26,o,0,1.13,118.55442,21.79329,1890.59,7618.98,3.36,3.11,83.7,-0.503,19.06,20.81,01a57840o0062o
175,57840.268275,17.786,0.083,279,23,o,0,1.45,118.55442,21.79329,1836.97,7542.3,3.45,3.21,88.1,-0.494,19.09,20.87,01a57840o0089o
176,57840.283241,17.782,0.098,280,28,o,0,1.04,118.55442,21.79329,1821.67,7658.88,3.56,3.32,-87.7,-0.486,19.07,20.88,01a57840o0116o
177,57841.322875,17.653,0.067,315,21,c,0,0.79,118.55442,21.79329,8293.83,4754.97,3.93,3.6,86.7,-0.393,18.91,20.67,02a57841o0180c
178,57841.33798,17.67,0.065,311,20,c,0,1.0,118.55442,21.79329,8276.6,4714.1,4.03,3.75,85.8,-0.381,18.86,20.65,02a57841o0209c
179,57841.348567,17.639,0.062,320,20,c,0,0.91,118.55442,21.79329,8332.6,4794.26,3.96,3.67,86.4,-0.389,18.86,20.62,02a57841o0229c
180,57841.358932,17.606,0.057,329,19,c,0,1.11,118.55442,21.79329,8353.49,4674.35,4.06,3.8,84.6,-0.381,18.81,20.58,02a57841o0249c
181,57841.379993,17.879,0.082,256,21,c,0,0.98,118.55442,21.79329,8316.93,4730.97,3.93,3.65,85.3,-0.391,18.81,20.49,02a57841o0289c
182,57843.228353,17.569,0.112,341,38,o,0,1.26,118.55442,21.79329,7814.92,3671.14,3.76,3.41,23.9,-0.458,18.53,19.78,01a57843o0026o
183,57843.235013,17.666,0.087,312,27,o,0,0.81,118.55442,21.79329,2801.28,6920.88,3.13,2.95,86.6,-0.502,18.96,20.57,01a57843o0038o
184,57843.253555,17.632,0.083,322,27,o,0,0.88,118.55442,21.79329,2728.49,6841.97,3.17,3.04,88.9,-0.5,19.01,20.73,01a57843o0073o
185,57843.269686,17.504,0.068,362,25,o,0,1.1,118.55442,21.79329,2713.46,6959.36,3.25,3.14,82.6,-0.494,18.95,20.66,01a57843o0102o
186,57844.229234,17.482,0.107,369,40,o,0,1.13,118.55442,21.79329,7784.39,4809.45,4.5,4.1,52.3,-0.415,18.46,19.99,01a57844o0014o
187,57844.235003,17.715,0.113,298,34,o,0,0.92,118.55442,21.79329,7745.17,4767.0,4.03,3.77,21.1,-0.449,18.81,20.6,01a57844o0025o
188,57844.251517,17.409,0.065,395,26,o,0,1.23,118.55442,21.79329,2770.93,5701.7,3.12,2.97,75.2,-0.499,19.02,20.74,01a57844o0056o
189,57844.262196,17.49,0.079,366,29,o,0,1.02,118.55442,21.79329,2754.14,5818.78,3.48,3.36,88.0,-0.475,18.91,20.74,01a57844o0075o
190,57845.244248,17.362,0.072,412,30,c,0,0.91,118.55442,21.79329,1555.21,3866.01,4.84,4.22,-5.1,-0.418,18.37,19.87,02a57845o0048c
191,57845.255657,17.555,0.087,345,30,c,0,0.93,118.55442,21.79329,1515.42,3824.71,5.5,4.3,-2.7,-0.389,18.29,19.93,02a57845o0069c
192,57845.267923,17.304,0.069,435,30,c,0,1.05,118.55442,21.79329,1590.78,3902.25,5.7,4.22,-1.8,-0.398,18.29,19.94,02a57845o0091c
193,57845.272613,17.601,0.093,331,31,c,0,1.2,118.55442,21.79329,1607.48,3782.14,6.18,4.26,-1.9,-0.369,18.24,19.93,02a57845o0100c
194,57845.287793,17.383,0.061,404,25,c,0,0.97,118.55442,21.79329,1574.73,3838.67,4.08,3.86,-75.2,-0.428,18.53,19.93,02a57845o0126c
195,57848.232464,17.285,0.409,443,181,o,0,1.02,118.55442,21.79329,9873.55,5598.44,4.06,3.59,50.2,-0.413,17.72,18.14,01a57848o0015o
196,57848.232945,17.943,0.796,242,192,o,0,1.06,118.55442,21.79329,9854.88,5560.48,4.03,3.59,45.1,-0.419,17.7,18.15,01a57848o0016o
197,57848.253785,17.242,0.37,460,170,o,0,1.1,118.55442,21.79329,9806.13,5641.56,4.05,3.49,88.5,-0.461,17.75,18.65,01a57848o0055o
198,57849.246088,17.253,0.055,456,25,o,0,1.08,118.55442,21.79329,584.0,2680.96,5.26,3.86,-0.7,-0.437,18.47,18.62,02a57849o0003o
199,57849.250211,17.221,0.052,470,24,o,0,1.15,118.55442,21.79329,563.38,2644.53,5.65,3.95,-1.2,-0.384,18.43,18.63,02a57849o0005o
200,57849.305094,17.275,0.049,447,22,o,0,1.08,118.55442,21.79329,8954.68,4121.58,3.64,3.19,-86.2,-0.455,18.61,18.47,02a57849o0040o
201,57849.308142,17.177,0.041,489,20,o,0,1.03,118.55442,21.79329,230.06,2955.14,3.85,3.33,75.3,-0.413,18.7,18.61,02a57849o0042o
202,57849.329534,17.248,0.048,458,22,o,0,1.15,118.55442,21.79329,8669.79,3534.42,3.58,3.18,-86.8,-0.461,18.62,18.46,02a57849o0056o
203,57849.331056,17.262,0.048,452,22,o,0,1.35,118.55442,21.79329,9550.36,4712.75,3.66,3.09,-87.5,-0.456,18.59,18.43,02a57849o0057o
204,57849.369736,17.248,0.055,458,25,o,0,1.2,118.55442,21.79329,9858.18,2969.67,3.68,3.09,87.8,-0.469,18.54,18.32,02a57849o0082o
205,57852.229091,17.179,0.127,488,62,o,0,1.22,118.55442,21.79329,9329.53,4205.23,4.4,4.1,39.0,-0.409,18.01,19.02,01a57852o0012o
206,57852.229571,17.204,0.139,477,66,o,0,1.03,118.55442,21.79329,9348.05,4243.97,4.54,4.26,42.5,-0.409,18.01,19.08,01a57852o0013o
207,57852.236703,17.298,0.11,437,48,o,0,1.2,118.55442,21.79329,1215.69,6271.48,3.68,3.36,-87.7,-0.503,18.28,19.48,01a57852o0027o
208,57852.246411,17.06,0.091,544,49,o,0,1.14,118.55442,21.79329,1196.84,6386.29,3.57,3.2,88.2,-0.508,18.31,19.49,01a57852o0047o
209,57853.227183,17.284,0.162,443,72,o,0,1.26,118.55442,21.79329,2141.21,7158.61,2.92,2.82,79.8,-0.537,18.08,18.79,01a57853o0027o
210,57853.227661,17.026,0.115,562,65,o,0,1.27,118.55442,21.79329,2122.79,7119.7,2.93,2.82,77.0,-0.531,18.11,18.87,01a57853o0028o
211,57853.237998,17.032,0.071,559,39,o,0,1.7,118.55442,21.79329,2084.99,7078.96,2.99,2.87,89.4,-0.522,18.4,19.46,01a57853o0048o
212,57853.252639,17.178,0.096,488,47,o,0,1.0,118.55442,21.79329,2069.84,7195.44,3.14,2.96,82.5,-0.518,18.35,19.46,01a57853o0075o
213,57853.261363,17.314,0.235,431,101,o,0,1.11,118.55442,21.79329,7661.83,3464.49,3.61,3.34,-89.2,-0.448,16.93,16.94,02a57853o0100o
214,57853.274058,17.285,0.102,443,45,o,0,0.98,118.55442,21.79329,7640.87,3424.64,3.74,3.51,85.0,-0.413,17.71,18.17,02a57853o0126o
215,57853.285723,16.969,0.088,592,52,o,0,0.85,118.55442,21.79329,7690.68,3502.45,3.67,3.38,88.4,-0.429,17.66,18.14,02a57853o0150o
216,57853.296461,17.296,0.102,438,45,o,0,1.07,118.55442,21.79329,7706.77,3387.79,3.67,3.37,89.2,-0.43,17.74,18.17,02a57853o0172o
217,57853.306156,17.548,0.224,347,78,o,0,0.95,118.55442,21.79329,7669.14,3445.36,3.78,3.53,87.9,-0.412,17.23,17.52,02a57853o0192o
218,57854.226977,17.249,0.117,458,54,o,0,1.41,118.55442,21.79329,2064.76,4932.62,3.3,2.99,87.0,-0.509,18.0,18.79,01a57854o0024o
219,57854.227458,17.214,0.112,472,53,o,0,1.28,118.55442,21.79329,2045.96,4893.87,3.21,2.94,85.9,-0.508,18.05,18.85,01a57854o0025o
220,57854.241654,16.969,0.075,592,45,o,0,1.13,118.55442,21.79329,2008.38,4855.46,3.27,2.96,-89.5,-0.508,18.31,19.38,01a57854o0054o
221,57854.246504,17.168,0.089,493,44,o,0,1.2,118.55442,21.79329,1991.13,4972.67,3.29,2.93,86.7,-0.511,18.32,19.36,01a57854o0064o
222,57863.327557,17.229,0.097,466,45,o,0,0.83,118.55442,21.79329,2039.76,6628.07,4.4,4.02,-82.4,-0.427,18.0,19.36,01a57863o0211o
223,57863.338971,17.22,0.101,470,48,o,0,0.86,118.55442,21.79329,2056.51,6666.04,4.48,4.05,-79.6,-0.42,17.97,19.33,01a57863o0233o
224,57863.35468,17.314,0.112,431,48,o,0,0.92,118.55442,21.79329,2000.19,6587.04,4.77,4.23,-84.3,-0.405,17.9,19.23,01a57863o0264o
225,57863.371817,17.335,0.127,422,54,o,0,1.12,118.55442,21.79329,1981.03,6700.17,5.19,4.62,-87.2,-0.38,17.73,19.05,01a57863o0297o
226,57864.307654,16.984,0.072,584,42,o,0,0.86,118.55442,21.79329,10498.95,6596.63,3.92,3.76,76.7,-0.439,18.21,19.74,01a57864o0167o
227,57864.317491,17.229,0.175,466,82,o,0,0.31,118.55442,21.79329,10518.14,6637.26,3.75,3.59,73.1,-0.45,18.18,19.59,01a57864o0187o
228,57864.326688,17.27,0.089,449,40,o,0,0.91,118.55442,21.79329,901.43,6726.27,4.11,3.59,89.4,-0.478,18.14,19.61,01a57864o0205o
229,57864.328758,17.064,0.065,543,35,o,0,0.99,118.55442,21.79329,10442.23,6563.52,3.78,3.67,-88.2,-0.451,18.06,19.49,01a57864o0209o
230,57864.340508,17.237,0.092,463,43,o,0,1.01,118.55442,21.79329,918.1,6762.37,4.24,3.67,88.1,-0.472,18.09,19.56,01a57864o0232o
231,57864.340987,17.325,0.08,426,34,o,0,1.45,118.55442,21.79329,10421.9,6681.78,3.72,3.67,-69.5,-0.449,18.01,19.46,01a57864o0233o
232,57864.353171,17.249,0.096,457,44,o,0,0.91,118.55442,21.79329,843.64,6683.27,4.39,3.91,-86.3,-0.464,18.14,19.62,01a57864o0257o
233,57864.369639,17.273,0.108,448,48,o,0,1.1,118.55442,21.79329,824.96,6796.35,4.6,4.01,88.6,-0.446,17.9,19.31,01a57864o0289o
234,57865.310018,17.076,0.03,537,16,c,0,1.43,118.55442,21.79329,360.94,2913.08,3.19,2.9,2.2,-0.456,19.04,20.19,02a57865o0101c
235,57865.325016,16.969,0.139,592,82,c,0,1.05,118.55442,21.79329,344.6,2873.37,3.18,2.87,10.0,-0.433,17.12,18.22,02a57865o0128c
236,57865.328698,17.364,0.149,412,61,c,0,1.32,118.55442,21.79329,9981.34,2955.13,3.68,3.14,45.2,-0.425,17.68,18.86,02a57865o0135c
237,57865.338173,17.156,0.031,498,16,c,0,1.32,118.55442,21.79329,401.67,2948.81,3.12,3.02,86.9,-0.408,18.99,20.21,02a57865o0153c
238,57865.342417,17.204,0.073,477,35,c,0,0.89,118.55442,21.79329,9964.22,2915.12,4.24,3.68,41.4,-0.438,18.48,19.85,02a57865o0161c
239,57865.352378,17.076,0.045,537,24,c,0,0.82,118.55442,21.79329,421.11,2832.1,3.33,3.24,88.5,-0.397,18.57,19.79,02a57865o0180c
240,57865.367179,17.122,0.039,514,20,c,0,1.13,118.55442,21.79329,383.75,2893.52,3.05,2.87,-89.9,-0.379,18.54,19.65,02a57865o0208c
241,57865.370925,17.197,0.055,480,26,c,0,1.2,118.55442,21.79329,10037.85,2878.89,4.31,3.83,41.0,-0.431,18.61,19.91,02a57865o0215c
242,57868.315276,17.138,0.216,507,110,o,0,0.98,118.55442,21.79329,1518.57,5316.02,4.08,3.41,-85.2,-0.471,16.57,18.02,01a57868o0210o
243,57868.327083,17.56,0.112,344,38,o,0,1.03,118.55442,21.79329,1536.18,5352.91,4.14,3.58,-84.8,-0.469,17.98,19.43,01a57868o0233o
244,57868.338145,17.355,0.081,415,34,o,0,1.46,118.55442,21.79329,1481.15,5273.87,4.23,3.58,-84.2,-0.47,18.03,19.46,01a57868o0255o
245,57868.35328,17.144,0.153,504,77,o,0,1.07,118.55442,21.79329,1462.92,5387.31,4.34,3.68,-83.5,-0.461,18.01,19.39,01a57868o0284o
246,57877.240558,17.299,0.068,437,30,o,0,1.44,118.55442,21.79329,9347.54,4000.4,2.95,2.37,48.5,-0.493,18.58,19.1,02a57877o0020o
247,57877.244273,17.019,0.059,565,34,o,0,1.22,118.55442,21.79329,9329.5,3958.59,3.02,2.42,45.9,-0.493,18.76,19.42,02a57877o0027o
248,57877.25736,17.182,0.066,487,32,o,0,1.36,118.55442,21.79329,9377.83,4038.17,2.6,2.27,58.7,-0.599,18.89,19.56,02a57877o0052o
249,57881.240979,17.258,0.058,454,26,o,0,0.99,118.55442,21.79329,7433.33,2305.77,2.46,2.14,22.8,-0.489,18.68,19.08,02a57881o0042o
250,57881.244633,17.121,0.048,515,24,o,0,0.95,118.55442,21.79329,7416.52,2264.99,2.51,2.12,22.9,-0.482,18.8,19.27,02a57881o0049o
251,57881.258216,17.196,0.048,480,23,o,0,1.25,118.55442,21.79329,7462.02,2345.45,2.54,2.15,20.7,-0.484,18.84,19.3,02a57881o0075o
252,57881.27652,17.259,0.063,453,28,o,0,0.92,118.55442,21.79329,7479.08,2226.29,2.57,2.12,23.2,-0.491,18.76,19.2,02a57881o0110o
253,57881.291195,17.223,0.068,468,32,o,0,0.83,118.55442,21.79329,7439.31,2282.88,2.69,2.17,25.8,-0.479,18.71,19.13,02a57881o0138o
254,57885.260677,17.371,0.051,409,21,o,0,1.08,118.55442,21.79329,1283.97,3070.46,2.27,2.17,9.4,-0.457,18.86,19.42,02a57885o0075o
255,57885.269022,17.424,0.054,389,21,o,0,1.07,118.55442,21.79329,1247.11,3027.8,2.44,2.34,12.5,-0.453,18.75,19.28,02a57885o0091o
256,57885.279465,17.36,0.072,413,30,o,0,0.95,118.55442,21.79329,1318.07,3107.64,2.41,2.28,-7.8,-0.458,18.65,19.15,02a57885o0111o
257,57885.295321,17.488,0.078,367,29,o,0,1.02,118.55442,21.79329,1332.03,2989.85,2.35,2.22,10.0,-0.467,18.54,18.94,02a57885o0141o
258,57885.313948,17.224,0.053,468,25,o,0,1.27,118.55442,21.79329,1290.31,3051.76,2.4,2.26,7.2,-0.478,18.4,18.74,02a57885o0176o
259,57889.279904,17.425,0.045,389,18,o,0,1.24,118.55442,21.79329,1004.99,5747.23,2.6,2.37,-68.9,-0.424,18.94,19.86,02a57889o0045o
260,57889.294604,17.367,0.045,410,19,o,0,1.57,118.55442,21.79329,1055.89,5822.78,2.63,2.4,-69.5,-0.45,18.85,19.77,02a57889o0073o
261,57889.308745,17.529,0.063,354,22,o,0,0.73,118.55442,21.79329,1072.29,5706.88,2.51,2.31,-60.8,-0.457,18.81,19.66,02a57889o0100o
262,57893.246987,17.493,0.072,366,26,c,0,0.97,118.55442,21.79329,7896.82,5648.1,2.86,2.74,63.3,-0.443,18.78,19.71,02a57893o0005c
263,57893.257989,17.633,0.052,321,17,c,0,0.96,118.55442,21.79329,7951.36,5685.01,2.79,2.58,64.0,-0.445,19.32,20.54,02a57893o0026c
264,57893.279476,17.471,0.049,373,18,c,0,1.31,118.55442,21.79329,7911.91,5625.99,2.98,2.5,58.3,-0.472,19.21,20.49,02a57893o0067c
265,57901.264815,17.786,0.071,279,20,c,0,1.15,118.55442,21.79329,8960.74,4129.59,3.36,2.91,62.1,-0.427,19.06,20.36,02a57901o0054c
266,58021.629249,20.609,0.74,21,15,o,0,1.24,118.55442,21.79329,6057.81,9631.41,3.27,2.82,-75.5,-0.461,19.13,20.46,01a58021o0804o
267,58021.639231,19.799,0.72,44,32,o,0,1.17,118.55442,21.79329,6051.19,9568.81,3.22,2.75,-74.6,-0.475,18.49,19.16,01a58021o0819o
268,58055.62104,-21.534,1.13,-9,10,o,0,1.38,118.55442,21.79329,2569.04,3407.38,2.04,1.92,-62.1,-0.446,19.71,20.94,02a58055o0866o
269,58055.632733,-21.747,1.157,-7,8,o,0,1.62,118.55442,21.79329,2584.19,3449.02,2.01,1.92,-62.1,-0.452,19.73,20.9,02a58055o0884o
270,58055.644658,21.345,0.957,10,10,o,0,1.19,118.55442,21.79329,2529.11,3372.74,2.05,1.97,-52.1,-0.444,19.5,20.45,02a58055o0901o
271,58057.642115,21.911,4.077,6,26,o,0,1.28,118.55442,21.79329,3809.77,1219.7,2.98,2.87,85.2,-0.443,18.7,19.78,01a58057o0511o
272,58057.653641,-17.708,1.373,-300,412,o,0,1.02,118.55442,21.79329,3828.46,1303.25,19.15,13.46,69.9,-0.136,17.1,17.3,01a58057o0529o
273,58059.590059,-21.116,1.065,-13,14,o,0,1.29,118.55442,21.79329,3422.28,859.64,2.08,1.96,34.7,-0.47,19.14,19.69,02a58059o0677o
274,58059.599637,-25.415,54.667,0,14,o,0,1.64,118.55442,21.79329,3430.13,904.2,1.95,1.81,55.5,-0.486,19.23,19.77,02a58059o0694o
275,58059.609692,20.233,0.484,29,14,o,0,1.12,118.55442,21.79329,3364.63,827.17,1.94,1.76,80.0,-0.493,19.33,19.91,02a58059o0711o
276,58059.620751,21.095,0.79,13,10,o,0,1.2,118.55442,21.79329,3341.36,947.25,1.9,1.78,64.1,-0.49,19.48,20.2,02a58059o0728o
277,58061.46838,21.008,2.441,14,35,o,0,1.16,118.55442,21.79329,8277.68,9281.89,3.18,2.88,-80.4,-0.439,18.22,18.75,01a58061o0596o
278,58061.474622,-19.613,0.903,-52,47,o,0,1.56,118.55442,21.79329,8269.43,9234.99,3.1,2.68,-83.1,-0.454,18.28,18.81,01a58061o0609o
279,58061.480837,20.077,1.046,34,35,o,0,1.12,118.55442,21.79329,8333.49,9305.86,3.12,2.68,-82.0,-0.46,18.34,18.87,01a58061o0622o
280,58061.487006,19.051,0.578,87,50,o,0,1.01,118.55442,21.79329,8358.72,9180.61,3.03,2.6,-82.6,-0.472,18.41,18.93,01a58061o0635o
281,58063.555004,19.909,0.673,40,27,o,0,1.11,118.55442,21.79329,8228.05,9843.07,2.35,2.09,37.9,-0.47,18.78,19.24,02a58063o0699o
282,58063.567461,-21.798,3.345,-7,23,o,0,1.35,118.55442,21.79329,8245.81,9887.04,2.45,2.13,22.3,-0.453,18.73,19.27,02a58063o0724o
283,58063.568829,19.914,0.678,39,27,o,0,0.78,118.55442,21.79329,4775.46,148.33,2.29,2.14,50.6,-0.439,18.75,19.29,02a58063o0727o
284,58063.580371,20.775,1.083,18,19,o,0,1.47,118.55442,21.79329,4792.5,190.46,2.08,1.92,58.6,-0.447,18.94,19.35,02a58063o0749o
285,58063.58174,-20.614,1.211,-21,25,o,0,0.78,118.55442,21.79329,8189.11,9810.55,2.22,1.99,34.1,-0.481,18.92,19.36,02a58063o0752o
286,58063.586225,21.09,1.423,13,19,o,0,1.26,118.55442,21.79329,4720.03,229.37,2.15,1.96,57.9,-0.444,18.9,19.39,02a58063o0760o
287,58063.588614,-22.093,4.435,-5,23,o,0,0.93,118.55442,21.79329,8171.08,9929.47,2.39,2.15,40.4,-0.452,18.9,19.4,02a58063o0765o
288,58063.590096,19.774,0.473,45,21,o,0,1.22,118.55442,21.79329,4738.28,111.99,2.21,2.0,41.9,-0.479,18.92,19.42,02a58063o0768o
289,58067.589532,-21.397,1.183,-10,12,o,0,1.9,118.55442,21.79329,4323.83,2221.81,2.07,1.99,69.1,-0.446,19.25,19.96,02a58067o0813o
290,58067.599164,22.188,2.925,5,14,o,0,1.09,118.55442,21.79329,4340.59,2263.4,2.07,1.99,81.0,-0.43,19.26,19.96,02a58067o0830o
291,58067.608971,24.239,18.125,1,13,o,0,1.1,118.55442,21.79329,4268.86,2187.17,2.08,1.98,73.2,-0.436,19.22,19.96,02a58067o0847o
292,58067.618587,20.938,0.713,15,11,o,0,1.83,118.55442,21.79329,4250.53,2305.16,2.06,2.01,84.8,-0.445,19.24,19.96,02a58067o0864o
293,58071.627066,21.529,1.571,9,14,c,0,1.41,118.55442,21.79329,5125.23,10460.23,2.6,2.24,9.5,-0.468,19.77,21.42,02a58071o0733c
294,58073.569623,-20.738,0.689,-18,13,o,0,1.52,118.55442,21.79329,6798.22,9533.4,3.47,2.67,-79.1,-0.457,19.41,21.11,01a58073o0784o
295,58073.579001,21.172,1.052,12,13,o,0,1.17,118.55442,21.79329,6786.9,9459.48,3.53,2.75,-79.4,-0.446,19.37,21.07,01a58073o0801o
296,58073.588274,21.074,0.968,14,13,o,0,1.55,118.55442,21.79329,6847.25,9503.02,3.61,2.72,-78.4,-0.441,19.36,21.05,01a58073o0818o
297,58073.598441,-21.479,1.524,-9,14,o,0,0.94,118.55442,21.79329,6870.78,9346.61,3.65,2.81,-80.8,-0.433,19.35,21.09,01a58073o0836o
298,58075.579121,22.957,3.474,2,8,c,0,1.53,118.55442,21.79329,5387.88,943.82,2.62,2.36,46.7,-0.435,19.76,21.42,02a58075o0712c
299,58075.595704,-24.649,12.25,0,6,c,0,1.76,118.55442,21.79329,5401.48,988.38,2.61,2.38,46.9,-0.426,19.77,21.44,02a58075o0743c
300,58075.608559,-20.802,0.708,-17,12,c,0,1.17,118.55442,21.79329,5133.04,9522.21,2.53,2.31,6.3,-0.455,19.7,21.38,02a58075o0762c
301,58075.621229,26.052,67.0,0,9,c,0,1.73,118.55442,21.79329,5146.77,9399.2,2.58,2.35,13.1,-0.45,19.67,21.42,02a58075o0780c
302,58077.55848,20.462,0.539,24,13,o,0,1.13,118.55442,21.79329,7182.8,8250.5,3.45,3.11,-78.3,-0.425,19.26,21.07,01a58077o0749o
303,58077.574194,-21.137,0.951,-13,12,o,0,1.13,118.55442,21.79329,7174.03,8152.72,3.35,2.89,-79.3,-0.424,19.35,21.09,01a58077o0780o
304,58077.58404,-22.075,2.24,-5,12,o,0,1.24,118.55442,21.79329,7233.7,8193.51,3.39,2.95,-77.4,-0.418,19.31,21.1,01a58077o0799o
305,58077.594107,-22.493,3.923,-4,14,o,0,1.18,118.55442,21.79329,7256.04,8038.07,3.9,3.38,-5.8,-0.408,19.16,21.08,01a58077o0817o
306,58079.599432,22.053,1.468,6,8,c,0,1.01,118.55442,21.79329,4772.6,7979.73,2.39,2.31,12.6,-0.47,19.82,21.61,02a58079o0776c
307,58079.610266,-22.965,3.579,-2,8,c,0,1.23,118.55442,21.79329,4826.47,8058.09,2.48,2.37,9.8,-0.471,19.8,21.58,02a58079o0796c
308,58079.620077,23.395,5.0,2,8,c,0,1.09,118.55442,21.79329,4843.27,7941.65,2.48,2.33,18.3,-0.473,19.79,21.57,02a58079o0814c
309,58081.556282,-22.116,2.44,-5,13,o,0,1.04,118.55442,21.79329,8580.27,8795.21,3.46,2.79,-82.4,-0.42,19.44,21.22,01a58081o0766o
310,58081.565726,21.221,1.0,12,12,o,0,1.22,118.55442,21.79329,8568.11,8720.77,3.47,2.79,-83.2,-0.42,19.42,21.22,01a58081o0785o
311,58081.569993,21.049,0.871,14,12,o,0,1.08,118.55442,21.79329,8625.68,8781.66,3.35,2.74,-80.5,-0.428,19.47,21.23,01a58081o0794o
312,58081.580435,21.631,1.462,8,12,o,0,1.25,118.55442,21.79329,8648.73,8625.14,3.45,2.81,-83.8,-0.419,19.44,21.21,01a58081o0814o
313,58097.54212,-20.947,1.081,-15,16,o,0,1.08,118.55442,21.79329,2244.37,2969.95,3.51,3.26,81.5,-0.421,19.1,20.69,01a58097o0684o
314,58097.548795,20.857,0.986,16,16,o,0,0.99,118.55442,21.79329,7885.6,7325.94,3.55,3.11,-83.2,-0.406,19.18,20.73,01a58097o0697o
315,58097.555318,21.936,2.538,6,16,o,0,0.96,118.55442,21.79329,2191.55,2944.68,3.48,3.19,80.2,-0.412,19.16,20.74,01a58097o0710o
316,58097.56403,21.317,1.396,11,15,o,0,1.02,118.55442,21.79329,2175.99,3095.31,3.42,3.08,86.0,-0.421,19.17,20.81,01a58097o0727o
317,58099.525134,20.005,0.517,36,19,o,0,0.98,118.55442,21.79329,2873.35,1788.47,3.97,2.52,8.5,-0.412,19.04,20.54,02a58099o0690o
318,58099.536832,21.255,1.246,11,14,o,0,0.98,118.55442,21.79329,7601.19,8601.57,3.3,2.05,3.4,-0.44,19.21,20.54,02a58099o0714o
319,58099.550021,-21.959,2.735,-6,16,o,0,0.91,118.55442,21.79329,7653.36,8678.5,3.34,2.15,3.1,-0.455,19.25,20.62,02a58099o0739o
320,58099.558131,21.39,1.282,10,13,o,0,1.27,118.55442,21.79329,7690.8,8567.05,2.27,2.03,15.7,-0.483,19.4,20.58,02a58099o0756o
321,58101.523693,-20.205,0.435,-30,13,o,0,1.08,118.55442,21.79329,3276.2,3335.32,3.73,3.35,85.8,-0.394,19.2,21.28,01a58101o0692o
322,58101.531391,-21.507,1.154,-9,10,o,0,1.63,118.55442,21.79329,3295.96,3403.97,3.5,3.13,86.1,-0.41,19.28,21.25,01a58101o0707o
323,58101.539432,-21.148,0.925,-13,12,o,0,1.01,118.55442,21.79329,6875.87,6923.51,3.6,3.1,-85.0,-0.411,19.29,21.25,01a58101o0722o
324,58101.551257,-20.571,0.646,-22,14,o,0,0.82,118.55442,21.79329,3226.0,3522.66,3.39,3.0,88.9,-0.418,19.32,21.18,01a58101o0744o
325,58105.508425,24.257,54.75,1,39,o,0,0.22,118.55442,21.79329,4891.48,35.26,2.94,2.87,74.7,-0.42,19.5,21.23,01a58105o0581o
326,58105.509427,20.17,0.4,31,12,o,0,1.22,118.55442,21.79329,8465.44,9713.82,3.26,2.7,-84.7,-0.447,19.47,21.22,01a58105o0583o
327,58105.517693,-22.0,2.517,-6,14,o,0,1.19,118.55442,21.79329,8485.52,9784.37,3.17,2.71,-87.7,-0.452,19.44,21.25,01a58105o0599o
328,58105.520498,-22.2,2.909,-5,14,o,0,1.58,118.55442,21.79329,8430.53,9718.09,3.35,2.85,-87.3,-0.432,19.37,21.24,01a58105o0605o
329,58105.521474,-25.657,60.0,0,12,o,0,1.26,118.55442,21.79329,4911.36,126.0,3.08,3.03,30.5,-0.416,19.46,21.27,01a58105o0607o
330,58105.534151,20.621,0.663,20,14,o,0,0.8,118.55442,21.79329,4859.29,97.11,3.05,3.03,-45.6,-0.413,19.46,21.28,01a58105o0632o
331,58105.535119,-20.928,0.861,-15,13,o,0,1.06,118.55442,21.79329,8417.48,9892.6,3.41,2.9,-85.4,-0.435,19.41,21.22,01a58105o0634o
332,58105.54308,21.219,1.0,12,12,o,0,1.21,118.55442,21.79329,4844.75,252.03,3.21,3.12,79.1,-0.402,19.41,21.24,01a58105o0650o
333,58109.529986,21.474,1.234,9,12,o,0,1.0,118.55442,21.79329,2587.49,2527.38,3.17,2.89,87.3,-0.439,19.44,21.3,01a58109o0019o
334,58109.536804,22.549,3.429,4,12,o,0,1.48,118.55442,21.79329,2607.77,2592.87,3.63,3.2,77.9,-0.417,19.33,21.29,01a58109o0032o
335,58109.543673,20.925,0.707,16,11,o,0,1.46,118.55442,21.79329,2556.63,2543.34,3.34,2.87,80.0,-0.429,19.4,21.28,01a58109o0046o
336,58109.555582,24.876,32.0,0,13,o,0,1.02,118.55442,21.79329,2526.45,2706.88,3.31,2.85,81.1,-0.435,19.42,21.28,01a58109o0069o
337,58111.628068,0.0,21.088,0,13,o,0,1.14,118.55442,21.79329,4507.17,9732.63,2.18,1.97,8.1,-0.478,19.58,20.81,02a58111o0627o
338,58111.640289,21.006,0.869,14,12,o,0,1.28,118.55442,21.79329,4489.58,9692.67,2.24,2.05,7.5,-0.488,19.55,20.76,02a58111o0652o
339,58111.644694,21.197,1.516,12,18,o,0,1.2,118.55442,21.79329,1046.3,54.42,2.36,1.85,35.1,-0.565,19.53,20.72,02a58111o0661o
340,58111.652535,22.114,2.5,5,13,o,0,1.1,118.55442,21.79329,4561.86,9770.56,2.27,2.04,7.9,-0.485,19.5,20.67,02a58111o0677o
341,58111.664881,20.963,1.191,15,18,o,0,1.64,118.55442,21.79329,4580.61,9653.84,2.25,2.02,6.4,-0.487,19.12,19.75,02a58111o0702o
342,58113.508761,20.544,0.593,22,13,o,0,0.99,118.55442,21.79329,4147.25,1537.11,3.29,2.88,87.4,-0.432,19.36,21.14,01a58113o0531o
343,58113.516971,20.118,0.374,33,12,o,0,0.94,118.55442,21.79329,4111.81,1531.66,3.3,2.83,-89.9,-0.432,19.36,21.12,01a58113o0548o
344,58113.517428,22.626,3.75,3,12,o,0,1.15,118.55442,21.79329,4166.51,1611.38,3.29,2.86,88.2,-0.43,19.34,21.12,01a58113o0549o
345,58113.525472,22.27,2.667,4,12,o,0,1.26,118.55442,21.79329,4096.51,1682.17,3.4,2.94,85.4,-0.428,19.32,21.13,01a58113o0566o
346,58117.452094,-20.776,1.315,-18,23,o,0,1.23,118.55442,21.79329,5199.22,7378.5,3.13,2.77,-79.1,-0.453,18.8,19.81,01a58117o0468o
347,58117.465205,21.628,2.718,8,22,o,0,1.26,118.55442,21.79329,5188.88,7292.01,3.29,2.9,-80.5,-0.439,18.82,19.96,01a58117o0496o
348,58117.474992,20.761,1.322,18,24,o,0,1.0,118.55442,21.79329,5248.58,7332.22,3.27,2.91,-79.2,-0.438,18.81,19.96,01a58117o0516o
349,58117.480626,-21.875,3.303,-6,21,o,0,1.04,118.55442,21.79329,5268.93,7193.8,3.17,2.82,-82.9,-0.446,18.87,19.98,01a58117o0528o
350,58123.582194,-20.583,1.474,-21,31,o,0,1.04,118.55442,21.79329,6047.7,8100.64,2.18,2.07,-3.3,-0.509,18.85,19.46,02a58123o0789o
351,58123.593528,-20.834,1.669,-17,28,o,0,1.37,118.55442,21.79329,6030.09,8061.82,2.11,2.05,5.6,-0.501,18.88,19.41,02a58123o0812o
352,58123.604869,-22.846,11.5,-3,30,o,0,1.44,118.55442,21.79329,6083.19,8140.25,2.15,2.09,1.1,-0.522,18.79,19.34,02a58123o0835o
353,58123.616297,20.021,0.9,36,32,o,0,1.29,118.55442,21.79329,6102.16,8022.19,2.17,2.07,-4.1,-0.516,18.78,19.3,02a58123o0858o
354,58125.56801,-21.118,1.158,-13,15,o,0,0.99,118.55442,21.79329,3145.13,2799.6,2.87,2.61,87.2,-0.48,19.22,20.63,01a58125o0772o
355,58125.580244,-22.585,4.105,-3,14,o,0,1.1,118.55442,21.79329,3177.8,2882.12,2.93,2.65,84.0,-0.47,19.16,20.59,01a58125o0797o
356,58125.592506,-21.004,0.961,-14,14,o,0,1.27,118.55442,21.79329,3138.51,2846.0,2.99,2.79,78.7,-0.461,19.13,20.54,01a58125o0822o
357,58125.604951,-20.946,1.024,-15,16,o,0,0.98,118.55442,21.79329,3137.57,3002.97,2.98,2.67,80.7,-0.472,19.15,20.49,01a58125o0847o
358,58127.478715,21.375,0.948,10,10,o,0,0.98,118.55442,21.79329,5878.82,8743.76,2.2,2.06,8.9,-0.492,19.69,21.11,02a58127o0582o
359,58127.481366,23.996,10.556,1,10,o,0,1.11,118.55442,21.79329,5843.68,8706.91,2.18,1.96,9.6,-0.497,19.72,21.07,02a58127o0587o
360,58127.489636,-21.261,0.787,-11,9,o,0,1.22,118.55442,21.79329,5914.56,8784.26,2.17,2.03,10.8,-0.503,19.68,21.08,02a58127o0601o
361,58127.495837,-21.135,0.847,-13,11,o,0,1.1,118.55442,21.79329,5932.43,8668.82,2.16,1.97,13.9,-0.502,19.71,21.08,02a58127o0614o
362,58129.560197,-17.157,1.429,-498,711,o,0,1.05,118.55442,21.79329,3416.28,2128.25,3.02,2.68,86.2,-0.485,14.82,16.32,01a58129o0600o
363,58129.597162,19.058,1.421,86,123,o,0,1.2,118.55442,21.79329,3410.35,2330.94,3.18,2.68,83.2,-0.461,16.68,18.07,01a58129o0675o
364,58131.510995,-21.222,0.681,-12,8,o,0,1.96,118.55442,21.79329,2777.19,110.64,2.61,2.14,36.4,-0.476,19.65,21.23,02a58131o0472o
365,58131.515697,22.259,2.314,4,10,o,0,1.03,118.55442,21.79329,6208.95,9817.1,2.45,2.24,13.1,-0.466,19.69,21.28,02a58131o0481o
366,58131.520429,-20.282,0.422,-28,12,o,0,1.58,118.55442,21.79329,2760.58,70.7,2.86,2.35,38.6,-0.44,19.58,21.24,02a58131o0490o
367,58131.528464,-23.274,6.0,-2,11,o,0,1.21,118.55442,21.79329,6192.09,9777.64,2.64,2.44,24.0,-0.461,19.59,21.24,02a58131o0506o
368,58131.529873,21.611,1.389,8,11,o,0,1.7,118.55442,21.79329,2815.61,153.12,2.86,2.35,41.2,-0.439,19.59,21.17,02a58131o0509o
369,58131.535739,-19.975,0.112,-37,4,o,0,10.87,118.55442,21.79329,2833.78,30.61,2.68,2.17,38.4,-0.469,19.61,21.13,02a58131o0521o
370,58131.537564,20.434,0.362,24,9,o,0,1.94,118.55442,21.79329,6245.47,9855.32,2.52,2.29,16.0,-0.462,19.61,21.14,02a58131o0525o
371,58131.548119,-21.695,1.2,-8,9,o,0,1.36,118.55442,21.79329,6264.69,9738.37,2.44,2.22,18.2,-0.468,19.6,21.07,02a58131o0545o
372,58133.496493,-20.641,0.613,-20,12,o,0,1.28,118.55442,21.79329,2493.1,1764.99,2.86,2.74,64.5,-0.468,19.3,21.01,01a58133o0611o
373,58133.507514,22.365,2.652,4,11,o,0,1.58,118.55442,21.79329,2519.35,1849.56,2.94,2.72,80.0,-0.466,19.39,21.11,01a58133o0633o
374,58133.518085,22.003,1.794,6,10,o,0,1.42,118.55442,21.79329,2471.73,1811.27,2.84,2.64,71.6,-0.476,19.41,21.13,01a58133o0654o
375,58133.527567,-21.073,0.88,-14,12,o,0,1.07,118.55442,21.79329,2462.62,1966.02,2.95,2.73,74.1,-0.463,19.41,21.1,01a58133o0674o
376,58135.516086,21.992,2.033,6,12,c,0,1.09,118.55442,21.79329,6278.6,9247.56,3.14,2.94,19.6,-0.444,19.5,21.45,02a58135o0665c
377,58135.529742,21.445,1.235,10,12,c,0,0.93,118.55442,21.79329,6261.4,9207.91,3.11,2.94,20.8,-0.428,19.48,21.41,02a58135o0692c
378,58135.539523,-20.78,0.69,-18,12,c,0,1.14,118.55442,21.79329,6315.6,9287.76,3.23,3.03,27.3,-0.433,19.48,21.39,02a58135o0712c
379,58135.548457,-20.612,0.638,-21,13,c,0,0.93,118.55442,21.79329,6333.91,9170.45,3.38,3.21,28.4,-0.407,19.46,21.37,02a58135o0731c
380,58137.47901,-19.744,0.371,-46,17,o,0,0.9,118.55442,21.79329,8477.98,9832.44,4.64,3.19,-79.3,-0.383,19.38,21.06,01a58137o0576o
381,58137.481788,20.811,0.89,17,15,o,0,0.91,118.55442,21.79329,4902.3,169.61,2.96,2.9,45.1,-0.432,19.14,20.9,01a58137o0582o
382,58137.493156,22.592,3.579,3,12,o,0,0.95,118.55442,21.79329,4926.86,252.0,2.85,2.8,49.2,-0.442,19.42,21.09,01a58137o0605o
383,58137.494569,-19.841,0.402,-42,17,o,0,1.03,118.55442,21.79329,8506.62,9931.6,4.71,3.29,-79.0,-0.377,19.34,21.08,01a58137o0608o
384,58137.501175,20.755,0.857,18,16,o,0,1.19,118.55442,21.79329,8456.08,9882.4,4.71,3.34,-78.0,-0.375,19.34,21.08,01a58137o0622o
385,58137.503514,-21.064,0.74,-14,10,o,0,1.75,118.55442,21.79329,4879.98,217.21,2.91,2.76,10.0,-0.442,19.4,21.1,01a58137o0627o
386,58137.512674,20.653,0.66,20,13,o,0,1.12,118.55442,21.79329,4869.73,368.36,3.03,2.92,66.1,-0.433,19.3,21.1,01a58137o0645o
387,58137.513589,-21.357,1.679,-10,18,o,0,1.19,118.55442,21.79329,8450.37,10046.23,4.96,3.68,-79.2,-0.353,19.27,21.07,01a58137o0647o
388,58143.53207,17.335,2.433,423,1028,o,0,1.19,118.55442,21.79329,7667.4,9460.52,2.4,2.22,21.3,-0.493,15.18,16.19,02a58143o0664o
389,58143.54563,15.378,0.944,2562,2419,o,0,1.44,118.55442,21.79329,7648.61,9421.65,2.23,2.08,19.2,-0.478,13.69,14.65,02a58143o0690o
390,58147.479372,-19.425,1.58,-62,97,o,0,1.24,118.55442,21.79329,7723.53,9129.73,2.22,1.95,5.0,-0.685,18.21,18.42,02a58147o0565o
391,58147.493591,-21.709,13.838,-8,104,o,0,0.97,118.55442,21.79329,7706.46,9089.28,2.2,1.93,5.7,-0.554,18.23,18.39,02a58147o0590o
392,58147.508834,-20.459,4.654,-24,111,o,0,0.69,118.55442,21.79329,7762.58,9171.67,2.28,1.96,11.3,-0.508,18.17,18.34,02a58147o0615o
393,58147.523139,20.447,5.72,24,138,o,0,1.08,118.55442,21.79329,7780.63,9052.84,2.34,2.05,15.1,-0.701,18.07,18.27,02a58147o0640o
394,58153.447995,20.6,0.772,21,16,o,0,1.42,118.55442,21.79329,5167.85,1903.42,2.96,2.72,84.6,-0.467,19.05,20.29,01a58153o0484o
395,58153.459526,-24.024,16.4,-1,15,o,0,1.2,118.55442,21.79329,5194.79,1987.37,2.98,2.67,87.6,-0.464,19.04,20.28,01a58153o0505o
396,58153.471076,21.593,2.041,8,17,o,0,1.07,118.55442,21.79329,5149.99,1954.47,2.9,2.61,85.9,-0.472,19.05,20.26,01a58153o0526o
397,58153.482822,-21.978,3.0,-6,18,o,0,1.08,118.55442,21.79329,5143.92,2115.73,2.97,2.66,84.8,-0.469,19.01,20.22,01a58153o0547o
398,58157.520573,20.654,0.819,20,16,o,0,0.95,118.55442,21.79329,2244.51,2557.5,3.65,2.9,83.3,-0.429,18.97,20.75,01a58157o0407o
399,58157.533673,19.266,0.225,71,16,o,0,1.1,118.55442,21.79329,2280.54,2636.46,3.68,2.93,85.1,-0.426,18.93,20.68,01a58157o0434o
400,58157.546889,23.462,12.5,2,19,o,0,1.11,118.55442,21.79329,2245.97,2594.75,3.65,2.97,86.1,-0.418,18.83,20.46,01a58157o0461o
401,58157.560004,-21.403,2.108,-10,21,o,0,0.96,118.55442,21.79329,2248.47,2745.08,3.78,3.07,84.8,-0.409,18.68,20.3,01a58157o0488o
402,58161.491471,21.338,1.314,11,14,o,0,1.02,118.55442,21.79329,2870.38,3762.27,3.32,2.78,87.0,-0.453,19.22,20.99,01a58161o0590o
403,58161.504753,-21.369,1.432,-10,15,o,0,1.16,118.55442,21.79329,2906.55,3845.01,3.54,2.96,86.7,-0.437,19.14,20.94,01a58161o0617o
404,58161.518228,21.154,1.148,12,14,o,0,1.18,118.55442,21.79329,2871.19,3808.61,3.52,2.93,89.2,-0.438,19.13,20.98,01a58161o0644o
405,58161.531538,20.334,0.536,27,14,o,0,1.24,118.55442,21.79329,2873.06,3963.33,3.56,3.01,88.4,-0.432,19.1,20.89,01a58161o0671o
406,58163.456028,-15.594,0.642,-2102,1350,c,0,1.69,118.55442,21.79329,6419.98,10114.14,2.91,2.76,25.9,-0.422,14.41,15.95,02a58163o0517c
407,58163.491313,15.841,0.496,1673,830,c,0,1.35,118.55442,21.79329,6496.6,10035.47,2.71,2.53,17.9,-0.445,14.53,16.02,02a58163o0589c
408,58165.518086,22.34,4.765,4,20,o,0,0.92,118.55442,21.79329,1880.41,1911.59,3.51,3.11,80.1,-0.421,18.84,20.34,01a58165o0235o
409,58165.530623,19.897,0.431,40,17,o,0,1.3,118.55442,21.79329,1918.38,1984.82,3.21,2.85,80.5,-0.453,18.91,20.28,01a58165o0261o
410,58165.543714,20.901,1.361,16,22,o,0,0.85,118.55442,21.79329,1884.98,1937.25,3.25,2.88,77.0,-0.447,18.89,20.23,01a58165o0288o
411,58165.556639,20.111,0.686,33,22,o,0,0.86,118.55442,21.79329,1888.34,2081.72,3.3,2.97,73.5,-0.445,18.75,20.09,01a58165o0315o
412,58167.45113,20.702,0.679,19,13,c,0,1.17,118.55442,21.79329,7018.18,7488.88,2.55,2.42,6.7,-0.464,19.37,21.11,02a58167o0505c
413,58167.461381,-21.125,2.243,-13,29,c,0,1.27,118.55442,21.79329,6982.66,7449.14,2.51,2.39,5.0,-0.449,18.53,20.13,02a58167o0526c
414,58167.471632,-19.414,0.908,-62,57,c,0,1.09,118.55442,21.79329,7055.88,7527.96,2.6,2.5,9.3,-0.444,17.61,19.16,02a58167o0547c
415,58167.48234,21.401,1.29,10,13,c,0,0.87,118.55442,21.79329,7075.17,7410.84,2.54,2.43,3.5,-0.459,19.45,21.23,02a58167o0568c
416,58169.480848,-21.262,1.68,-11,19,o,0,1.22,118.55442,21.79329,7128.46,10138.17,5.56,4.12,-81.0,-0.306,19.11,21.03,01a58169o0199o
417,58169.490642,22.147,2.739,5,14,o,0,1.3,118.55442,21.79329,3619.31,499.89,3.3,2.93,80.0,-0.428,19.09,20.99,01a58169o0219o
418,58169.493613,-20.311,0.767,-27,21,o,0,1.02,118.55442,21.79329,7164.26,10217.75,5.57,4.11,-79.1,-0.299,19.11,20.94,01a58169o0225o
419,58169.503213,21.993,2.444,6,14,o,0,1.06,118.55442,21.79329,3655.53,576.91,3.25,2.89,78.5,-0.434,19.06,20.93,01a58169o0245o
420,58169.506573,-20.143,0.683,-32,22,o,0,1.05,118.55442,21.79329,7127.28,10177.96,5.85,4.4,-77.6,-0.274,19.0,20.89,01a58169o0252o
421,58169.516398,24.192,20.333,1,16,o,0,1.33,118.55442,21.79329,3619.2,534.39,3.57,3.18,75.0,-0.404,18.87,20.85,01a58169o0272o
422,58169.519338,-20.884,1.462,-16,24,o,0,1.0,118.55442,21.79329,7129.72,10329.33,6.47,5.06,-78.9,-0.222,18.83,20.82,01a58169o0278o
423,58169.529009,-21.398,1.641,-10,16,o,0,1.31,118.55442,21.79329,3622.28,683.45,3.61,3.13,78.5,-0.411,18.84,20.74,01a58169o0298o
424,58171.415177,-21.509,1.292,-9,12,c,0,0.73,118.55442,21.79329,5726.81,7671.3,2.47,2.36,1.7,-0.467,19.74,21.49,02a58171o0220c
425,58171.423487,20.843,0.62,17,10,c,0,1.05,118.55442,21.79329,5708.51,7631.9,2.45,2.34,8.5,-0.472,19.63,21.41,02a58171o0238c
426,58171.434783,-21.301,1.161,-11,13,c,0,1.33,118.55442,21.79329,5762.28,7710.66,2.53,2.37,5.6,-0.481,19.33,21.09,02a58171o0260c
427,58171.444403,15.906,0.922,1576,1452,c,0,0.91,118.55442,21.79329,5780.34,7593.54,2.5,2.4,0.4,-0.503,15.88,17.57,02a58171o0280c
428,58179.412374,19.024,0.575,89,51,o,0,1.07,118.55442,21.79329,7967.03,6765.46,2.69,2.5,-87.3,-0.485,18.1,18.59,02a58179o0283o
429,58183.385238,-20.671,0.696,-20,14,o,0,1.74,118.55442,21.79329,7092.25,9360.92,2.36,1.98,-0.7,-0.492,19.31,20.29,02a58183o0367o
430,58183.395612,21.283,1.36,11,15,o,0,1.25,118.55442,21.79329,7057.82,9321.18,2.36,2.07,8.3,-0.476,19.27,20.25,02a58183o0388o
431,58183.405946,21.688,2.357,8,18,o,0,1.0,118.55442,21.79329,7130.73,9400.19,2.2,1.98,1.9,-0.472,19.26,20.17,02a58183o0409o
432,58183.417815,-22.015,3.218,-6,18,o,0,1.66,118.55442,21.79329,7150.77,9282.46,2.11,1.93,-10.2,-0.487,19.27,20.13,02a58183o0430o
433,58185.379072,-21.359,1.189,-10,12,o,0,1.39,118.55442,21.79329,3918.01,1864.07,3.25,2.61,88.7,-0.461,19.09,21.04,01a58185o0349o
434,58185.389358,21.115,0.985,13,13,o,0,1.19,118.55442,21.79329,3945.19,1942.94,3.38,2.61,87.4,-0.455,19.14,21.02,01a58185o0370o
435,58185.399918,23.342,7.125,2,12,o,0,1.86,118.55442,21.79329,3900.98,1904.35,3.32,2.62,86.2,-0.459,19.06,20.91,01a58185o0391o
436,58185.410965,20.569,0.663,22,14,o,0,0.9,118.55442,21.79329,3896.19,2061.62,3.41,2.71,85.2,-0.443,19.09,20.97,01a58185o0412o
437,58205.344807,21.546,3.122,9,27,o,0,1.19,118.55442,21.79329,5063.34,2646.99,3.31,2.88,88.5,-0.454,18.34,19.26,01a58205o0091o
438,58205.355158,-20.07,0.877,-34,30,o,0,1.1,118.55442,21.79329,5092.7,2722.63,3.47,2.89,89.6,-0.436,18.22,19.23,01a58205o0112o
439,58205.365617,-24.001,31.25,-1,28,o,0,1.27,118.55442,21.79329,5050.43,2682.69,3.56,2.9,88.5,-0.437,18.24,19.21,01a58205o0133o
440,58205.376276,20.34,1.157,27,31,o,0,1.26,118.55442,21.79329,5045.93,2835.74,3.6,2.9,89.1,-0.43,18.18,19.16,01a58205o0154o
441,58207.334024,-19.984,0.602,-37,22,o,0,1.22,118.55442,21.79329,4708.91,512.34,2.78,2.22,26.5,-0.477,18.75,19.28,02a58207o0118o
442,58207.337351,-20.236,0.975,-29,28,o,0,1.54,118.55442,21.79329,8068.42,10243.05,2.59,2.19,6.2,-0.463,18.73,19.25,02a58207o0124o
443,58207.341458,-20.111,0.72,-33,24,o,0,1.38,118.55442,21.79329,4692.04,452.83,2.8,2.13,28.5,-0.479,18.74,19.26,02a58207o0132o
444,58207.345644,21.193,2.253,12,27,o,0,1.33,118.55442,21.79329,8050.46,10203.62,2.54,2.12,0.8,-0.476,18.72,19.23,02a58207o0140o
445,58207.350422,-20.619,1.194,-20,24,o,0,1.13,118.55442,21.79329,4746.38,550.61,2.84,2.2,27.3,-0.476,18.71,19.22,02a58207o0149o
446,58207.35462,25.227,106.5,0,31,o,0,0.87,118.55442,21.79329,8123.75,10283.17,2.65,2.16,3.7,-0.471,18.67,19.19,02a58207o0157o
447,58207.359473,20.272,0.969,28,27,o,0,1.24,118.55442,21.79329,4783.7,432.53,2.86,2.12,28.3,-0.475,18.69,19.19,02a58207o0166o
448,58207.363644,-25.373,108.0,0,28,o,0,1.17,118.55442,21.79329,8141.78,10164.6,2.43,2.03,5.6,-0.503,18.71,19.15,02a58207o0174o
449,58213.32602,-22.071,3.045,-5,16,o,0,1.22,118.55442,21.79329,1637.48,1370.57,3.59,3.14,-5.7,-0.4,19.19,20.79,01a58213o0166o
450,58213.33507,-23.556,11.6,-1,16,o,0,1.24,118.55442,21.79329,1666.1,1442.59,3.64,3.45,-2.5,-0.403,19.04,20.73,01a58213o0184o
451,58213.343975,20.341,0.5,26,13,o,0,1.55,118.55442,21.79329,1602.51,1395.42,3.29,2.98,-5.7,-0.415,19.21,20.69,01a58213o0202o
452,58213.354549,22.001,3.292,6,19,o,0,0.75,118.55442,21.79329,1598.95,1549.91,3.41,3.16,-7.6,-0.411,19.08,20.55,01a58213o0224o
453,58235.250899,20.069,0.792,34,27,o,0,1.19,118.55442,21.79329,7342.89,6901.25,2.23,2.08,-48.8,-0.447,18.65,19.07,02a58235o0009o
454,58235.261093,-24.067,33.75,-1,29,o,0,1.13,118.55442,21.79329,7357.02,6785.44,2.11,2.01,-51.0,-0.463,18.61,18.94,02a58235o0030o
455,58243.254661,-21.632,1.796,-8,14,o,0,1.29,118.55442,21.79329,7303.75,10252.91,2.56,2.36,32.5,-0.457,19.28,20.31,02a58243o0066o
456,58243.26553,21.809,2.447,7,17,o,0,1.12,118.55442,21.79329,7284.38,10213.26,2.43,2.32,24.1,-0.461,19.25,20.25,02a58243o0088o
457,58243.276538,-20.427,0.585,-24,14,o,0,1.22,118.55442,21.79329,7333.36,10293.36,2.41,2.33,83.6,-0.446,19.28,20.29,02a58243o0110o
458,58243.284756,-21.898,2.058,-6,13,o,0,1.24,118.55442,21.79329,3909.62,535.63,2.37,2.14,45.5,-0.453,19.2,20.2,02a58243o0127o
459,58243.285668,-20.5,0.635,-23,15,o,0,1.14,118.55442,21.79329,7353.96,10173.51,2.41,2.32,33.4,-0.466,19.28,20.24,02a58243o0129o
460,58243.293509,-20.998,1.77,-14,26,o,0,1.31,118.55442,21.79329,3892.65,494.4,2.58,2.1,32.7,-0.473,18.54,19.43,02a58243o0145o
461,58243.302184,22.578,4.842,3,16,o,0,1.42,118.55442,21.79329,3945.77,572.34,2.6,2.15,34.5,-0.47,18.89,19.81,02a58243o0163o
462,58243.308263,18.924,0.839,98,82,o,0,1.38,118.55442,21.79329,3980.44,455.5,2.32,2.12,45.4,-0.448,17.19,17.98,02a58243o0176o
463,58251.259409,-20.591,0.6,-21,13,c,0,0.94,118.55442,21.79329,4428.44,9511.14,2.8,2.59,-49.4,-0.403,19.42,20.85,02a58251o0082c
464,58251.270424,21.517,1.448,9,13,c,0,1.1,118.55442,21.79329,4410.33,9471.29,2.83,2.56,-51.8,-0.386,19.39,20.83,02a58251o0105c
465,58251.281516,21.409,1.333,10,13,c,0,1.21,118.55442,21.79329,4463.94,9548.69,2.8,2.58,-53.7,-0.388,19.38,20.78,02a58251o0128c
466,58251.292573,-21.975,2.316,-6,14,c,0,1.3,118.55442,21.79329,4483.98,9429.58,2.65,2.5,-14.7,-0.436,19.39,20.76,02a58251o0151c
467,58253.275815,20.749,0.839,18,15,o,0,1.55,118.55442,21.79329,4049.88,2775.04,2.91,2.82,24.9,-0.46,18.99,20.15,01a58253o0107o
468,58253.284819,-20.556,0.982,-22,21,o,0,1.03,118.55442,21.79329,4082.99,2838.72,3.03,2.8,9.2,-0.455,18.97,20.1,01a58253o0126o
469,58253.293946,21.681,2.361,8,18,o,0,0.99,118.55442,21.79329,4041.71,2785.0,3.04,2.94,39.0,-0.449,18.88,20.02,01a58253o0145o
470,58253.302126,20.296,0.735,28,20,o,0,1.08,118.55442,21.79329,4038.22,2921.25,3.0,2.93,37.8,-0.453,18.82,19.94,01a58253o0162o
471,58261.259109,-20.565,1.878,-22,40,o,0,1.15,118.55442,21.79329,2889.06,1428.58,4.8,4.1,4.7,-0.363,18.12,19.19,01a58261o0020o
472,58261.269155,19.856,0.826,42,34,o,0,1.39,118.55442,21.79329,2851.43,1377.16,3.82,3.31,4.2,-0.413,18.27,19.09,01a58261o0041o
473,58261.278643,18.056,0.955,218,208,o,0,1.01,118.55442,21.79329,2851.08,1517.4,3.7,3.14,1.2,-0.433,16.65,17.24,01a58261o0061o
474,58263.27759,-20.216,2.275,-30,68,o,0,1.17,118.55442,21.79329,4622.5,7808.25,2.6,2.44,-13.3,-0.496,17.74,18.2,02a58263o0097o
475,58263.287757,17.487,1.136,368,418,o,0,1.1,118.55442,21.79329,4602.54,7770.28,2.71,2.56,-31.1,-0.494,16.67,17.28,02a58263o0118o
476,58263.297921,20.204,5.054,30,152,o,0,0.84,118.55442,21.79329,4650.13,7854.59,3.11,2.81,-44.3,-0.44,17.02,17.51,02a58263o0139o
477,58265.271015,20.405,2.918,25,73,o,0,0.89,118.55442,21.79329,3271.88,3139.22,4.07,3.36,-2.6,-0.407,17.98,18.77,01a58265o0084o
478,58265.281014,-20.08,1.449,-34,49,o,0,0.87,118.55442,21.79329,3322.65,3201.16,3.6,3.33,-9.8,-0.426,17.98,18.82,01a58265o0105o
479,58265.290093,-18.422,0.319,-155,50,o,0,1.18,118.55442,21.79329,3267.3,3140.25,3.74,3.23,4.0,-0.422,17.96,18.75,01a58265o0124o
480,58271.250967,-20.687,1.832,-19,35,o,0,1.47,118.55442,21.79329,7973.17,10341.53,2.82,2.68,25.8,-0.434,18.34,18.95,02a58271o0039o
481,58271.269123,-21.322,2.34,-11,25,o,0,1.38,118.55442,21.79329,7949.38,10303.73,3.13,3.01,13.9,-0.405,18.66,19.65,02a58271o0077o
482,58271.280564,-19.942,0.758,-38,29,o,0,1.09,118.55442,21.79329,7998.75,10386.77,3.02,2.73,9.5,-0.425,18.68,19.58,02a58271o0100o
483,58273.248764,-21.028,2.217,-14,31,o,0,1.1,118.55442,21.79329,5315.24,2141.74,3.75,3.47,-3.0,-0.424,18.29,19.39,01a58273o0037o
